<?xml version="1.0" encoding="utf-8"?><addon id="service.subtitles.planetdp" name="Planetdp.org" provider-name="hbiyik" version="0.0.1">
  <requires>
    <import addon="xbmc.python" version="2.1.0"/>
    <import addon="script.module.sublib" version="0.0.3"/>
  </requires>
  <extension library="addon.py" point="xbmc.subtitle.module"/>
  <extension point="xbmc.addon.metadata">
  	<platform>all</platform>
    <summary lang="en">Planetdp.org</summary>
    <description lang="en">Turkish / English Subtitle Service from planetdp.org</description>
    <description lang="tr">planetdp.org ile Türkçe / İngilizce altyazı servisi</description>
    <license>GNU General Public License, v2</license>
	<forum>https://github.com/hbiyik/script.service.planetdp/issues</forum>
	<website>https://github.com/hbiyik/script.service.planetdp</website>
    <email>huseyinbiyik@hotmail.com</email>
  </extension>
</addon>