<?xml version="1.0" encoding="UTF-8"?>
<addon id="service.subtitles.turkcealtyazi"
       name="Turkcealtyazi.org"
       version="0.0.1"
       provider-name="hbiyik">
  <requires>
    <import addon="xbmc.python" version="2.1.0"/>
    <import addon="script.module.sublib" version="0.0.1"/>
  </requires>
  <extension point="xbmc.subtitle.module" library="addon.py" />
  <extension point="xbmc.addon.metadata">
  	<platform>all</platform>
    <summary lang="en">Turkcealtyazi.org</summary>
    <description lang="en">Turkish / English Subtitle Service from turkcealtyazi.org</description>
    <description lang="tr">Turkcealtyazi.org altyazı servisi</description>
    <license>GNU General Public License, v2</license>
	<forum>https://github.com/hbiyik/script.service.turkcealtyazi/issues</forum>
	<website>https://github.com/hbiyik/script.service.turkcealtyazi</website>
    <email>huseyinbiyik@hotmail.com</email>
  </extension>
</addon>
