<?xml version="1.0" encoding="utf-8"?><addon id="script.module.htmlement" name="HTMLement Module" provider-name="hbiyik" version="0.0.1">
    <requires>
		<import addon="xbmc.python" version="2.1.0"/>
	</requires>
	<extension library="lib" point="xbmc.python.module"/>
	<extension point="xbmc.addon.metadata">
		<platform>all</platform>
		<summary lang="en">HTMLement module</summary>
		<description lang="en">HTMLement</description>
		<license>GNU General Public License, v2</license>
		<forum>https://github.com/hbiyik/script.module.htmlement/issues</forum>
		<website>https://github.com/hbiyik/script.module.htmlement</website>
		<email>huseyinbiyik@hotmail.com</email>
	</extension>
</addon>