<?xml version="1.0" encoding="utf-8"?><addon id="repository.biyik" name="Hüseyin Bıyık's Kodi / XBMC Repo" provider-name="hbiyik" version="0.0.1">
	<extension name="Boogie's Kodi Repo" point="xbmc.addon.repository">
		<info compressed="false">http://boogie.us.to/repository.biyik.dist/addons.xml</info>
		<checksum>http://boogie.us.to/repository.biyik.dist/addons.xml.md5</checksum>
		<datadir zip="true">http://boogie.us.to/repository.biyik.dist</datadir>
	</extension>
	<extension point="xbmc.addon.metadata">
		<summary>Huseyin Bıyık's Kodi / XBMC Repo</summary>
		<description>This is the personal repo published by Hüseyin BIYIK</description>
		<disclaimer>The owners and submitters to this repository do not host or distribute any of the content displayed by these addons nor do they have any affiliation with the content providers.</disclaimer>
		<platform>all</platform>
	</extension>
</addon>