<?xml version="1.0" encoding="utf-8"?><addon id="service.subtitles.subscene" name="Subscene.com" provider-name="hbiyik" version="2.0.1">
  <requires>
    <import addon="xbmc.python" version="2.1.0"/>
    <import addon="script.module.sublib" version="0.0.2"/>
  </requires>
  <extension library="addon.py" point="xbmc.subtitle.module"/>
  <extension point="xbmc.addon.metadata">
  	<platform>all</platform>
    <summary lang="en">Subscene.com</summary>
    <description lang="en">Multilingual Subtitle Service from subscene.com</description>
    <description lang="tr">Subscene.com ile çok dilli altyazı servisi</description>
    <license>GNU General Public License, v2</license>
	<forum>https://github.com/hbiyik/script.service.subscene/issues</forum>
	<website>https://github.com/hbiyik/script.service.subscene</website>
    <email>huseyinbiyik@hotmail.com</email>
  </extension>
</addon>